Guid,Gender,GivenName,Surname,City,StreetAddress,EmailAddress,Birthday,WesternUnionMTCN,Domain
85019f6d-74dc-4df4-996c-662ce1f3b13c,female,Abbie,Edwards,NEWTON,"52 Hertingfordbury Rd",AbbieEdwards@superrito.com,6/17/1940,0329743392,PatentPanel.co.uk
b6c273d3-0a77-467d-9bf5-f06d4082062b,female,Evie,Hewitt,LONDON,"34 Crown Street",EvieHewitt@dayrep.com,3/16/1980,4859229369,PopularSoda.co.uk
4033f22e-c8c3-4825-92d1-76dfc6b18939,female,Hannah,Schofield,"SKELWITH BRIDGE","49 Uxbridge Road",HannahSchofield@armyspy.com,12/20/1939,5335828408,GeoBased.co.uk
67045386-f306-4de2-b972-19d7828f828a,female,Hannah,Gardiner,TREVELLAS,"35 Glandovey Terrace",HannahGardiner@cuvox.de,5/15/1982,2018833112,NashvilleHealthClub.co.uk
dd0a7c87-4b90-460f-b5b0-13f979a11704,female,Jodie,Watkins,PENNYFUIR,"32 Fulford Road",JodieWatkins@armyspy.com,9/5/1928,5391320589,DomainTelegraph.co.uk
12ea77b0-7578-4383-9eec-9749a464932b,female,Ellie,Hale,"PEATLING PARVA","70 Well Lane",EllieHale@teleworm.us,6/9/1997,2638423888,BoutiqueSupport.co.uk
bd0a727c-f10d-4cfc-a5f6-fb3c153b7da7,female,Gracie,Bolton,DENTON,"39 Whitby Road",GracieBolton@rhyta.com,12/20/1923,6933276704,DiscoverReviews.co.uk
2e68425c-8038-4839-86fc-4d6fbac69b80,female,Katie,Law,LONDON,"67 Guild Street",KatieLaw@teleworm.us,12/7/1930,9970551119,ParentsJob.co.uk
4436b61b-d1a2-4809-8326-cd8e83c66416,female,Leah,Lambert,"ACRISE PLACE","17 Wartnaby Road",LeahLambert@dayrep.com,6/2/1936,5494820224,DevelopmentValues.co.uk
fb207105-6b85-45d0-a93d-7ce9c7d59630,female,Leah,Abbott,FRISKNEY,"56 Golden Knowes Road",LeahAbbott@gustr.com,1/19/1922,1746931314,GreekBowl.co.uk
90b2f292-4fbe-422b-b941-c95cce7f2be1,female,Amelie,Moss,SANDHEAD,"41 Vicar Lane",AmelieMoss@superrito.com,6/14/1939,3889477202,NavigationVehicle.co.uk
362e92b0-dc67-41a4-8ae8-9f7e14be383c,female,Sophia,Harvey,BROWNHILLS,"52 George Street",SophiaHarvey@rhyta.com,2/28/1987,7984874585,TimelessLink.co.uk
2a2ab617-139e-4605-b1e0-82089cf7175d,female,Maisie,Bentley,NORTHPUNDS,"60 Hart Road",MaisieBentley@superrito.com,10/6/1989,2394612321,NonSoap.co.uk
140b9786-e77d-433e-bb55-7d6a8846fb47,male,Andrew,Griffiths,FORBESTOWN,"10 Main Rd",AndrewGriffiths@jourrapide.com,1/28/1981,5569780725,StationCard.co.uk
4ea0e96a-4f15-46a4-b55c-6e320556b117,female,Madison,Stevens,DARVEL,"59 Ings Lane",MadisonStevens@rhyta.com,11/8/1952,2660880854,MemoryLevel.co.uk
09632877-491c-4986-878c-d3dee2b3b928,female,Alicia,Marsh,FITZHEAD,"20 Middlewich Road",AliciaMarsh@superrito.com,4/16/1999,4560265939,SpaceSeries.co.uk
962d12e5-7802-430b-ab8d-b3305989032c,female,Alexandra,Hyde,ELMBRIDGE,"86 Terrick Rd",AlexandraHyde@fleckens.hu,8/23/2001,1760473907,MixValues.co.uk
3f48c2f9-c746-4812-a707-bea9ef95f432,male,Lewis,Gill,TEASSES,"20 Caerfai Bay Road",LewisGill@einrot.com,9/20/1997,9559930241,MemorialDomains.co.uk
f15b3550-4d99-48ac-b78b-6f7317d1e757,female,Ava,Gallagher,RAIT,"81 Holgate Rd",AvaGallagher@armyspy.com,9/12/1931,2995400827,CardSurplus.co.uk
2e4fa469-cd23-4f85-897a-d18080dcd818,female,Faith,Higgins,CROFT,"19 Carriers Road",FaithHiggins@cuvox.de,9/29/1977,7198610712,EmotionBlog.co.uk
e12cccd0-d17b-4223-823d-cf3ca25026bc,female,Melissa,Hardy,ELTON,"25 Whitchurch Road",MelissaHardy@cuvox.de,2/2/1977,0538306648,MaxiFly.co.uk
50e3a1d9-b7ec-4643-927b-d7eedd44a5ee,male,Leon,Douglas,AIKE,"54 Wartnaby Road",LeonDouglas@einrot.com,11/4/1928,1647389809,MovingFee.co.uk
3d4cb0a7-3381-4ecd-95e9-d67c5e6b6532,female,Maisie,Watts,HERSTMONCEUX,"88 Clasper Way",MaisieWatts@gustr.com,2/22/1996,3635575249,BasicBling.co.uk
a2fdc209-628e-4c1c-8a76-3f9dde5c97eb,female,Lily,Hunt,QUOTHQUAN,"58 Station Rd",LilyHunt@rhyta.com,7/25/1959,1453134326,MetroMeds.co.uk
0d9f07f8-31a4-479f-b3eb-acc583e9bfad,male,Connor,Griffin,CORTON,"77 Mill Lane",ConnorGriffin@fleckens.hu,8/28/1999,5667782197,PoolKey.co.uk
56fb9782-83ce-4e54-be91-cde9641f789a,female,Isabella,Coates,"KIRKTON OF TEALING","61 Witney Way",IsabellaCoates@rhyta.com,4/29/1967,7890033525,PrecisionLeathers.co.uk
997e38a6-4e0c-40b8-8942-44cb6547f6f5,female,Melissa,Stewart,EASTERTOWN,"34 Haslemere Road",MelissaStewart@teleworm.us,4/10/1932,8439369838,CarWashShow.co.uk
1030e4dd-7a9a-40ae-bd86-f68674c6dc43,female,Yasmin,Hyde,PLOUGHFIELD,"98 Wressle Road",YasminHyde@fleckens.hu,3/17/1996,5340788153,GolfBroadcaster.co.uk
052f623f-ef67-4105-a471-e56a9a630951,female,Matilda,Stephenson,WHITNEY,"57 Boughton Rd",MatildaStephenson@fleckens.hu,9/22/1985,6060752805,DishHands.co.uk
b937fba1-944b-41b3-bea4-6d2268408133,male,Mason,Howells,"LOWER ASHTON","52 Souterhead Road",MasonHowells@gustr.com,6/30/1957,1555832519,PsychologyAnalysis.co.uk
46105fb7-3eec-4164-aaa3-8a2255775cbf,female,Lily,Evans,"NORTH LOPHAM","59 Southern Way",LilyEvans@cuvox.de,9/22/1986,1375954877,ValueGrass.co.uk
525eb924-7242-4b03-8f21-189f73cc1181,female,Georgia,Burton,BUCKLAND,"63 Trehafod Road",GeorgiaBurton@dayrep.com,7/23/1970,0109648528,MarketingButton.co.uk
36d07c32-3e56-4ee0-bc13-a4d46ef02694,female,Megan,Sanderson,CAMUSRORY,"79 Copthorne Way",MeganSanderson@teleworm.us,2/6/1954,6168056676,MinuteRule.co.uk
8cb18499-bf28-441c-b840-d7fe8e7fae5e,female,Kate,Osborne,"NORTH END","15 Southern Way",KateOsborne@rhyta.com,1/23/1976,7823399559,LawnCovers.co.uk
47c7892e-04aa-4831-afc8-1e4c287005c6,female,Sophia,Carter,LONGPARISH,"73 Great Western Road",SophiaCarter@teleworm.us,5/19/1979,9292879180,CheckerTips.co.uk
9acfdeb1-7b3b-4173-aac8-7cee6669577c,female,Kayleigh,Jones,WILLINGTON,"69 Ramsgate Rd",KayleighJones@fleckens.hu,12/4/1958,7325576078,QuoteApproval.co.uk
06b26422-a40f-434d-8d6c-855740a4a3e2,female,Mollie,Franklin,TIMBERSCOMBE,"95 Brackley Road",MollieFranklin@dayrep.com,10/25/1994,4224885401,PMDealer.co.uk
5364a715-8eec-4c74-8a64-985f594da5b0,female,Bethany,Holland,"WEST CHELBOROUGH","92 Warren St",BethanyHolland@fleckens.hu,8/12/1996,0472627298,CultureSocial.co.uk
39c34a23-8c8e-45dd-a31e-dff22eb7ecc0,male,Dylan,Fitzgerald,AUCHLUNIES,"58 Main Road",DylanFitzgerald@cuvox.de,4/1/1998,5630937338,BareFoto.co.uk
c9b1161c-d861-41d7-a898-43d71d30f57c,female,Freya,White,THUNDERSLEY,"62 High St",FreyaWhite@fleckens.hu,5/16/1988,8911786995,SyncForum.co.uk
35f7ca5f-d0e3-41c2-aaf8-771c7119aa7d,female,Alicia,Quinn,"EILEAN IARMAIN","18 Terrick Rd",AliciaQuinn@cuvox.de,10/15/1980,3456383009,CutFunds.co.uk
1f685a8f-23ef-413d-b7f3-2818f2be93dc,female,Sarah,Morris,LONDON,"1 Guild Street",SarahMorris@einrot.com,11/20/1953,0620513636,OInformation.co.uk
2a523698-b0e9-425d-8495-0d67ec2833cb,female,Eve,West,"CROOK OF DEVON","58 Kent Street",EveWest@jourrapide.com,1/26/1989,1625265352,InsideRecord.co.uk
e40fc715-e01a-4647-a180-4e73117d1178,female,Megan,Bird,UPHILL,"69 Helland Bridge",MeganBird@fleckens.hu,3/17/1943,7202359176,WorstMeal.co.uk
424c4b15-2381-4593-8460-b6c161eb62d6,female,Eleanor,Horton,TWENTY,"41 Castledore Road",EleanorHorton@armyspy.com,12/8/1990,5102699237,KidzBoard.co.uk
7f28b2c6-7faf-4d9d-9d16-cff3d17344cd,female,Amber,Law,PENHALVEAN,"4 Bishopthorpe Road",AmberLaw@einrot.com,4/23/1994,1153775430,VIPinterview.co.uk
6d67fa4f-5032-4a1d-addd-5310a712f36e,male,Thomas,Macdonald,"LIMPLEY STOKE","38 Fraserburgh Rd",ThomasMacdonald@jourrapide.com,10/18/1970,3932595040,TypoSpotter.co.uk
2a0d35db-843d-4810-8565-feaf4c8337f1,female,Daisy,Webb,AYTON,"90 Leicester Road",DaisyWebb@armyspy.com,4/18/1924,2558523993,FunTrucking.co.uk
15f33ef3-4d59-432b-88d6-6036c10317d8,male,Jude,Burns,LONDON,"10 Crown Street",JudeBurns@armyspy.com,11/14/1982,2648304867,BidStrong.co.uk
86e4aed1-e0cc-4320-be45-aacff663b79f,female,Aimee,Wall,"NEW MALDEN","79 Iolaire Road",AimeeWall@rhyta.com,4/11/1977,6821923065,MobLag.co.uk
7e4af3b4-ac69-4120-ac1f-16da2658da30,female,Maisie,Hancock,"LITTLE THORPE","99 Overton Circle",MaisieHancock@gustr.com,11/19/1949,8815895930,TelevisionEnthusiast.co.uk
946daa3d-afd2-47ae-a8af-d7ea9612f97e,male,Benjamin,Osborne,"EAST BEDFONT","9 Hindhead Road",BenjaminOsborne@einrot.com,4/1/1970,1099698098,ResumeBinder.co.uk
508159be-f54c-4fac-bce4-e1b3b0f636c6,female,Sofia,Bryan,GILDINGWELLS,"12 Park Terrace",SofiaBryan@cuvox.de,1/28/1951,2705842204,PurpleChip.co.uk
fab95c93-98bf-4f6f-ac00-a63a885c65c9,male,Jack,Stevens,FORD,"65 Main Rd",JackStevens@einrot.com,10/7/1945,4090716638,StorageDaily.co.uk
adf6799e-c0df-43b2-94e5-b691aa9facab,female,Ava,Blake,LEADGATE,"14 Park Avenue",AvaBlake@gustr.com,11/7/1945,3924314340,RestaurantBathrooms.co.uk
87f3b743-1f65-419a-ba2b-34d909a32c06,female,Jessica,Myers,MARTLEY,"74 Ross Road",JessicaMyers@armyspy.com,8/1/1990,1018697921,TapLending.co.uk
1945687b-8780-4a87-8a73-e934345a42cb,female,Faith,Harding,CLUN,"75 City Walls Rd",FaithHarding@fleckens.hu,3/31/1963,5909597415,BadOdds.co.uk
9568e5cc-0487-4437-ab91-b5c947b183a5,female,Lucy,Middleton,BADGER,"8 Wood Lane",LucyMiddleton@einrot.com,6/16/1964,4173503877,TaxRental.co.uk
ee8ffe75-4304-41dd-886f-5976950fa880,female,Libby,Henry,"WEEK ST MARY","95 Simone Weil Avenue",LibbyHenry@gustr.com,9/9/1952,5331632063,PurpleBikes.co.uk
38ce446f-1579-4afd-b83e-19629cc88327,female,Maya,Chadwick,MAIDSTONE,"21 Cunnery Rd",MayaChadwick@rhyta.com,8/21/1984,4007600408,VoipChats.co.uk
24339f42-78cc-46be-9e24-3354197953b2,female,Yasmin,Armstrong,"KIMBLE WICK","63 Osborne Road",YasminArmstrong@fleckens.hu,4/8/1989,2650163510,SwingingGame.co.uk
38e2f128-5711-4ae0-8317-a20b358b9ea3,female,Sophia,Kelly,STERT,"69 Netherpark Crescent",SophiaKelly@superrito.com,9/17/1925,2214467985,HackerClubs.co.uk
87e5160a-b5b2-4063-9299-226a074e1798,female,Sofia,Baker,MORNINGTHORPE,"5 Preston Rd",SofiaBaker@dayrep.com,11/11/1980,3477751933,InsureSecrets.co.uk
cbefd5fc-0136-4934-9e5e-6590f118050e,female,Megan,Ahmed,ARDCHRONIE,"31 Fosse Way",MeganAhmed@gustr.com,3/24/2000,4900903667,OsloDining.co.uk
3354093f-cebf-405a-a543-d3ac31b12c07,female,Lara,Akhtar,HIGHSTEAD,"79 Consett Rd",LaraAkhtar@einrot.com,8/5/1997,4549446284,SolutionTrip.co.uk
c2b67816-4f2f-4bee-aae5-24266ae1ffe8,female,Megan,Clark,HERSHAM,"90 Clasper Way",MeganClark@dayrep.com,11/10/1963,0491331586,HistoryPass.co.uk
e49f3647-00a8-4f14-88b3-3fb798f9d2c8,female,Cerys,Parry,"CHURCH END","45 Lincoln Green Lane",CerysParry@jourrapide.com,8/4/2002,7162653615,StrictlyCoupons.co.uk
a4e63d55-0302-4527-9609-2af87aa945e3,female,Grace,Shaw,THORNTON-LE-DALE,"78 Buckingham Rd",GraceShaw@cuvox.de,5/8/1983,1257900795,HalfBeast.co.uk
2bf04f19-2c50-44a1-a2a0-377b0d456857,female,Danielle,Smith,HOUTON,"39 Ponteland Rd",DanielleSmith@dayrep.com,3/11/1984,6383521070,HandbagDealer.co.uk
b65aae3d-8532-48a7-ac9f-bb30d80e95df,female,Jodie,Reed,GLOWETH,"32 Brynglas Road",JodieReed@armyspy.com,3/17/1990,4061586540,TelephoneAffiliates.co.uk
2ded36aa-afaf-4eec-ac85-47bc83fd1c15,female,Danielle,Stephens,GARVESTONE,"82 Old Chapel Road",DanielleStephens@cuvox.de,1/31/1963,9540121004,BankruptcyShield.co.uk
8f81a5c9-6559-4b98-8002-e65af1c0f515,male,Louie,Norris,MUGGINTON,"73 Ilchester Road",LouieNorris@superrito.com,11/23/2000,6687635297,SnoringGuide.co.uk
5b71599b-89b9-44f5-8bb8-76cb712fea00,male,Archie,Benson,LLANDRILLO,"78 Argyll Road",ArchieBenson@armyspy.com,7/15/1963,2649258085,BridgeDigest.co.uk
854efd1c-f37a-47e6-a67c-8fe2def92383,female,Rachel,Little,"ST DAVID'S","67 Bullwood Rd",RachelLittle@fleckens.hu,4/3/1979,9701243535,PurpleChannel.co.uk
69beb70d-a6fb-40bd-928d-5e81132f9ba9,female,Summer,Jackson,NEDD,"84 Quay Street",SummerJackson@jourrapide.com,3/1/1964,2948820715,ViralSquad.co.uk
0ed6f6f3-57cd-4c20-898c-33b38972cecd,female,Zoe,Lowe,ARNIPOL,"77 Chapel Lane",ZoeLowe@jourrapide.com,7/18/1921,2381585281,SolarDiscussions.co.uk
3fefb977-e53c-4076-8821-6864d0dcbfbe,female,Phoebe,Mann,FORDWELLS,"76 Main Rd",PhoebeMann@dayrep.com,7/19/1955,1166250273,FailMaster.co.uk
3d88f688-ab13-44bf-ad5a-e0685449262d,female,Emily,Ashton,ELY,"15 Whitchurch Road",EmilyAshton@einrot.com,10/3/1994,2210494368,WestcoastBlogger.co.uk
36ec45a3-75dd-440e-bd53-2d1e8cceb64f,male,Tom,Ferguson,"SUTTON MADDOCK","48 Mounthoolie Lane",TomFerguson@teleworm.us,8/23/1942,1775129894,CueTune.co.uk
7e42ccc3-031e-4c1c-adb6-b66a2de29b4e,female,Rebecca,Khan,MOSSBURNFORD,"62 Hendford Hill",RebeccaKhan@jourrapide.com,4/30/1964,2719698938,SurfMajor.co.uk
19fb93f6-8e6f-4587-a94b-85d2bd6e45d6,male,Gabriel,Carter,CHURCHTOWN,"66 Gloucester Road",GabrielCarter@fleckens.hu,6/14/1947,8189568222,LazyTeenagers.co.uk
f79ea914-db39-4a34-a367-24dc129f522a,female,Amber,Hilton,"MELCHET COURT","4 Thompsons Lane",AmberHilton@armyspy.com,3/5/1993,1650399135,ColdPerson.co.uk
0a5e24c8-49c5-40dc-a03e-6b0a2b4f8768,female,Maya,Chan,BURNHAVEN,"48 Pendwyallt Road",MayaChan@gustr.com,2/13/1933,7792622433,JustOwned.co.uk
38eeb51e-2851-451d-a819-0214431965ab,female,Demi,Rhodes,LONDON,"52 Crown Street",DemiRhodes@einrot.com,10/11/1971,9679715303,DialMall.co.uk
5788e756-27d0-44da-859a-f1f037d772a1,female,Maya,Stevens,RIMPTON,"33 Bootham Crescent",MayaStevens@armyspy.com,4/14/1994,1793998738,FinishingPaste.co.uk
86e6b6d8-2620-4c48-a466-9c081595ddda,male,Robert,Summers,FOLKESTONE,"9 Main Rd",RobertSummers@rhyta.com,11/7/1955,8367298593,MoreSuperstore.co.uk
d8d013ce-c8aa-4da8-9158-b7edb66c5a4e,female,Ruby,Anderson,LYMPSHAM,"46 South Crescent",RubyAnderson@armyspy.com,9/24/1921,0498174143,SchoolsPrivate.co.uk
bbc7371c-c5d5-4b08-85a2-e34bf399a652,female,Kate,Nicholls,LONGFIELD,"54 Great Western Road",KateNicholls@armyspy.com,10/25/1922,9872405362,BalancingLotion.co.uk
e873f6f1-7755-4e10-a29e-d581b4831d70,female,Lily,Clayton,"OLD LESLIE","63 Horsefair Green",LilyClayton@jourrapide.com,5/9/1959,5890323957,CreditCardTopics.co.uk
cffe673f-8658-460e-ba0a-6954a071559f,female,Mia,Lyons,"GREAT LIVERMERE","85 Manor Way",MiaLyons@dayrep.com,3/22/1927,5700244823,PokerDish.co.uk
e8ca5c1f-d85e-406a-95d8-b147b950fdd7,female,Courtney,Birch,CORSLEY,"47 Mill Lane",CourtneyBirch@superrito.com,12/26/1981,7828600216,SewAddict.co.uk
193745f0-030d-42ee-b0cf-e7aa270ac9eb,female,Jessica,Evans,STEETON,"69 Netherpark Crescent",JessicaEvans@einrot.com,4/3/1966,9661766138,VoipGurus.co.uk
a552a45d-434b-4452-9349-37da850ad07b,female,Caitlin,Owens,GRAFTON,"29 Spilman Street",CaitlinOwens@fleckens.hu,5/8/1981,3562655007,CodeThings.co.uk
6553c32d-3509-4cdf-899b-2e2ebcfaed36,female,Isabel,Briggs,AIKE,"27 Wartnaby Road",IsabelBriggs@superrito.com,5/12/1994,6687911834,SaleOffWorld.co.uk
deaa9370-113c-444c-8a71-f5d0037c2803,female,Francesca,Hall,"DOWN THOMAS","60 Prospect Hill",FrancescaHall@gustr.com,5/6/1984,8319515137,InsideRecord.co.uk
09502f3c-470b-4e76-ba29-307c80042f3d,female,Imogen,Sanders,PILSBURY,"74 Tadcaster Rd",ImogenSanders@rhyta.com,7/30/1974,6963680697,LostReviews.co.uk
f0d8acae-7192-4caf-8110-b08f4461d22b,female,Sophia,Banks,CUBERT,"42 Sloe Lane",SophiaBanks@fleckens.hu,9/23/1975,1009556144,TVEthics.co.uk
a1490ff7-2305-4b58-a45c-36e12bb6a65d,male,Nicholas,Chambers,CHELMARSH,"32 Graham Road",NicholasChambers@einrot.com,4/21/1947,0468853547,GreatestFeeling.co.uk
a9337057-8bbb-4353-9a90-262b929eb730,female,Evie,Peters,"ARBORFIELD GARRISON","20 Stamford Road",EviePeters@armyspy.com,7/9/1930,6366895078,BreastBuys.co.uk
5d1d0e33-71c6-49fe-9305-78ebc7300390,male,Harrison,Lee,WESTWELL,"33 Bouverie Road",HarrisonLee@armyspy.com,5/16/1936,6354357550,IndependentBookshop.co.uk